Subject Matter,Narrative,Mood,Composition,Perspective,Style,Time Period_Context,Color Scheme
astronaut,forgotten launchpad,melancholic,wide establishing shot,low angle,cinematic realism,near future,teal and orange
street violinist,midnight bus stop,lonely,close-up portrait,eye level,analog film,modern city,muted blues
old botanist,secret greenhouse,serene,rule of thirds,high angle,oil painting,victorian era,earth tones
mechanical owl,watchtower at dusk,uneasy,symmetrical,bird's-eye view,ink wash,ancient ruins,black and gold
glassblower,workshop sparks,hopeful,diagonal leading lines,over-the-shoulder,photorealistic,1970s,warm ambers
ceramic koi,still pond ripple,tranquil,centered,macro,watercolor,traditional garden,pastel
deep sea diver,bioluminescent cave,awe,wide shot,first-person,cinematic realism,alternate present,neon cyan
train conductor,empty platform,tender,long shot,eye level,documentary photo,post-war era,sepia
