Subject Matter,Narrative,Mood,Composition,Perspective,Style,Time Period_Context,Color Scheme
"Underwater Worlds: Marine life, coral reefs, underwater landscapes.",Utopian Vision: A narrative depicting an idealized world and the implications of such a society.,"Tense/Anxious: Conveys a feeling of tension, anxiety, or unease.",Central Composition: Placing the subject at the center of the frame for emphasis.,Linear Perspective: Using straight lines converging at a single point to create depth and distance.,Digital Glitch Art: A style that deliberately exploits digital or analog errors for aesthetic purposes.,"Stone Age: Hunter-gatherers, cave paintings, and early human tools.","Sepia: Warm brown tones, giving a vintage or historic feel."
"Space/Astronomy: Planets, stars, galaxies, space exploration.",Dystopian Reality: Showcases a world where societal structures have led to bleak or oppressive conditions.,"Inspirational/Motivational: Evokes a sense of inspiration, encouragement, and motivation.",Golden Ratio: Composition based on the Golden Ratio (1.618) for a naturally pleasing aesthetic.,"Isometric Perspective: Parallel lines remain parallel, often used in technical and architectural drawings.",Eco-Art Photography: Images capturing environmental art installations or sculptures made from natural or recycled materials.,"Bronze Age: Early civilizations, bronze tools, and the beginning of urban societies.","Jewel Tones: Deep, rich colors like ruby red, sapphire blue, and emerald green, suggesting luxury and opulence."
"Fantasy/Mythology: Mythical creatures, fantastical landscapes, legendary scenes.",Adventure/Exploration: Focuses on characters undertaking a journey through unknown or exotic locations.,"Contemplative/Reflective: Suggests deep thought, reflection, or introspection.",Diagonal Composition: Using diagonal lines to create movement and direction.,Curvilinear Perspective: Using curved lines to depict distortion and a wide angle of view.,Contemporary Aboriginal Dot Painting: A modern interpretation of the traditional Australian Aboriginal art form.,"Iron Age: Introduction of iron metallurgy, development of ancient warfare.","Metallic: Gold, silver, bronze, and metallic finishes, giving a sleek, modern look."
"Fashion/Beauty: Clothing, makeup, fashion shows, beauty trends.",Survival: Centers around a character's struggle to survive in challenging or hostile environments.,"Mystical/Spiritual: Conveys a sense of the mystical, spiritual, or transcendent.","Triangular Composition: Arranging elements to form a triangle, creating stability and focus.","Two-Point Perspective: Utilizing two vanishing points, often used in 3D and architectural renderings.","Pixel Art: Artistic imagery created with digital pixels, often reminiscent of early video games.","Ancient Egypt: Pharaohs, pyramids, and the Nile civilization.","Primary Colors: Basic colors of red, blue, and yellow, creating bold and striking contrasts."
"Transportation: Cars, trains, planes, boats, futuristic vehicles.",Rags to Riches: A tale of a character rising from poverty to wealth or success.,"Aggressive/Intense: Reflects aggression, intensity, or a sense of confrontation.",High/Low Horizon: Placing the horizon high or low in the frame to emphasize either the sky or the land.,"Over-the-Shoulder: Showing a subject from behind another, creating a connection between viewer and scene.",AI-Generated Abstract Art: Abstract art created using artificial intelligence algorithms.,"Mesoamerica: Mayan, Aztec civilizations, and their cultural practices.","Secondary Colors: Green, orange, and purple, derived from the combination of primary colors."
"Food/Cuisine: Different cuisines, dishes, cooking scenes, food markets.",Revenge: A story centered around a protagonist's quest for vengeance.,"Whimsical/Fanciful: Evokes a playful, fanciful, or whimsical mood.",Juxtaposition: Placing contrasting elements together to highlight differences or create tension.,"Panoramic Perspective: A wide-angle view, capturing a broad perspective of a landscape or scene.",Performance Art Photography: Stills capturing moments from performance art pieces.,"Ancient China: Dynasties, Great Wall, and ancient Chinese culture.","Tertiary Colors: Intermediate colors formed by mixing a primary and a secondary color, like yellow-green or blue-violet."
"Animals/Wildlife: Various animal species, animal behaviors, habitats.",Transformation/Rebirth: Involves a character undergoing a significant change or metamorphosis.,"Lonely/Isolated: Conveys feelings of loneliness, isolation, or abandonment.",Fill the Frame: Filling the frame with the subject to create an intimate and detailed view.,"Close-Up: Focusing tightly on a subject or detail, often used to emphasize emotion or importance.",Interactive Art Visualization: Digital representations of art that involve viewer interaction or participation.,"Ancient India: Harappan civilization, Vedic period, and early Hinduism.","Split-Complementary: A base color with the two colors adjacent to its complementary color, offering high contrast with less tension."
"Surreal Imagery: Dreamlike juxtapositions, impossible objects, uncanny scale shifts, and playful logic.",Friendship: Explores the dynamics and importance of platonic relationships.,"Hopeful/Optimistic: Suggests hope, optimism, or a positive outlook towards the future.","Minimalist Composition: Using minimal elements to create a simple, clean, and uncluttered image.","Long Shot: Capturing the subject within a broader context or environment, often used in film.",Urban Street Photography: Capturing the essence of street art and urban graffiti in various cities.,"Ancient Persia: Persian Empire, Zoroastrianism, and ancient Persian culture.","Shades: Darker tones of a particular color, achieved by adding black, creating depth and intensity."
"Seasons/Weather: Seasonal changes, weather phenomena, landscapes in different seasons.",Betrayal: Revolves around acts of treachery and their consequences.,"Empowering/Liberating: Reflects a sense of empowerment, liberation, or freedom.",Dutch-Angle Staging: Tilted framing used as a compositional device to increase unease or dynamism.,Dynamic Perspective: Using angles and framing to create a sense of motion or action.,"Anarchist Art Graphics: Artworks that convey anarchistic themes or ideologies, suitable for digital reproduction.","Viking Age: Norse mythology, sea expeditions, and Scandinavian culture.","Tints: Lighter tones of a color, achieved by adding white, creating a softer, more delicate effect."
"Education/Learning: Classrooms, libraries, educational concepts, learning environments.",Escape/Chase: Focuses on a character's attempt to escape from or evade others.,"Chaotic/Disordered: Conveys a sense of chaos, disorder, or confusion.",Rule of Odds: Featuring an odd number of subjects to create visual interest and harmony.,"Subjective Perspective: Representing a scene from a subjective point of view, often to convey emotional states.",Feminist Art Collages: Digital collages focusing on themes of feminism and gender equality.,"Byzantine Empire: Eastern Roman Empire, Orthodox Christianity, and Byzantine art.","Monotone: Various shades, tints, and tones of a single color, for a cohesive and sophisticated look."
"Health/Medicine: Medical scenes, health-related topics, hospitals, wellness.",Sacrifice: Involves a character making a significant sacrifice for a greater good.,"Ethereal/Otherworldly: Evokes a light, airy, or otherworldly feeling.",Isolation: Isolating the subject from its surroundings to focus attention solely on it.,Oblique Perspective: Offering a view with a sense of depth but without a single point of convergence.,Mixed Media Digital Art: Combining various digital techniques like 3D rendering with traditional artistic elements.,"Islamic Golden Age: Advancements in science, culture, and the spread of Islam.","High Contrast: Stark contrasts between colors, often using black and white or bold colors against each other."
"Agriculture/Farming: Farms, crops, livestock, rural life.",Discovery/Invention: Centers around the discovery or creation of something significant.,"Melodic/Harmonious: Reflects musicality, harmony, or a sense of rhythm.",Foreground Interest: Using elements in the foreground to add depth and context.,"Zero-Point Perspective: Focusing on a scene without depth, often used in abstract or minimalistic compositions.",Queer Art Portraits: Portraits that explore and celebrate queer identities and themes.,"Mongol Empire: Genghis Khan, horseback warriors, and the largest contiguous empire.","Low Contrast: Subtle differences in color brightness, creating a more blended and softer look."
"Music Instruments: Various musical instruments, musicians playing instruments.","War Chronicle: A narrative shaped by conflict—strategy, sacrifice, and the human cost behind the battles.","Dystopian/Apocalyptic: Suggests a bleak, dystopian, or apocalyptic mood.",Dynamic Tension: Creating a sense of movement or tension through compositional elements.,"Multi-Point Perspective: Using more than three vanishing points, often for complex or surreal compositions.",Eco-Friendly Fashion Design Sketches: Illustrations of fashion designs made with sustainable materials.,"Age of Discovery: European exploration, colonization, and the discovery of new continents.","Fluorescent: Bright, glowing colors that are extremely vivid, often used to grab attention."
"Robotics/AI: Robots, artificial intelligence, cybernetic organisms.",Crime and Punishment: Explores the themes of criminal activity and its consequences.,"Majestic/Grand: Conveys grandeur, majesty, or awe-inspiring beauty.",S-Curve: Using an S-shaped line to lead the viewer's eye through the image.,"Macro Perspective: Extremely close-up view, revealing fine details often invisible to the naked eye.",Tribal Mask Digital Renderings: High-fidelity digital renderings of traditional African or Native American masks.,"Elizabethan Era: Shakespeare, the English Renaissance, and maritime expansion.","Duotone: Using two colors, often contrasting, to create a striking and modern effect."
"Traditional Crafts: Handicrafts, traditional art forms, artisans at work.","Mythic Quest: A story shaped by gods, monsters, prophecies, and symbolic trials in a legendary world.","Gritty/Realistic: Reflects a gritty, realistic, or unpolished mood.","Radial Composition: Elements radiate out from a central point, creating a sense of motion or expansion.",Fish-Eye Perspective: Utilizing a wide-angle lens to create a spherical or distorted effect.,Scandinavian Design Digital Interpretations: Art pieces inspired by the minimalism and functionality of Scandinavian design.,"Edo Period Japan: Samurai culture, Tokugawa shogunate, and isolationist policies.","Gradient: Gradual transition from one color to another, often used to create depth or a 3D effect."
"Under the Microscope: Microscopic imagery, cells, bacteria, microscopic phenomena.","Science Fiction: Focuses on futuristic, scientific, and technological advancements and their impact.","Idyllic/Pastoral: Suggests a peaceful, rural, or idyllic setting.","Mirroring: Reflecting a subject in water, glass, or other reflective surfaces.","Rear View: Showing a subject or scene from behind, often to create a sense of mystery or detachment.","Craft-Inspired Digital Patterns: Patterns and designs inspired by traditional crafts like weaving or pottery, created digitally.","Victorian Era: British Empire, industrial advancements, and Victorian culture.","Muted: Desaturated colors that are less intense, creating a more understated and elegant feel."
"Outer Space Exploration: Astronauts, space stations, interstellar travel.","Horror: Designed to evoke fear, often featuring supernatural elements or suspenseful situations.","Pensive/Brooding: Conveys deep or serious thought, often with a darker tone.",Overlapping Layers: Layering elements at different distances to create depth.,"Ground-Level Perspective: Viewing subjects as if lying on the ground, giving a unique viewpoint.",Russian Constructivism Posters: Digitally created posters reflecting the geometric and abstract style of Russian Constructivism.,"American Frontier: Wild West, pioneers, and Native American cultures.","Black and White: Classic combination of black and white, creating a timeless and sophisticated look."
"Arctic/Antarctic: Polar landscapes, icebergs, polar wildlife.",Psychological Thriller: Centers around psychological tension and mind games.,"Adventurous/Exciting: Suggests excitement, adventure, or a sense of risk.",Framing with Light: Using light and shadow to frame the subject.,"Elevated Perspective: Looking at a scene from a slightly raised position, offering a clearer view of subjects.",Recycled Material Sculpture Photography: Images showcasing sculptures made entirely from recycled materials.,"French Revolution: Political upheaval, Napoleon Bonaparte, and social change.","Greyscale: Range of grays from white to black, used for a classic, elegant effect."
"Desert Landscapes: Deserts, dunes, oasis, desert flora and fauna.","Historical: Set in a historical period, focusing on the events or lifestyles of the past.","Comforting/Reassuring: Conveys a sense of comfort, reassurance, or security.",Bokeh: Utilizing out-of-focus areas to create a pleasing background.,"Underwater Perspective: Viewing subjects from below the water surface, offering a unique, fluid view.","Digital Landscape Tapestry Designs: Art that mimics the style of woven tapestries, focusing on landscapes or nature themes.","Romantic Era: Artistic, literary, and intellectual movement against industrialization.","Sunset Colors: Reds, oranges, and purples that mimic the colors of a sunset, creating a warm and inviting feel."
"Mountains/Hiking: Mountain landscapes, hiking trails, mountaineering.",Biographical: Tells the story of a real person's life or a significant part of it.,"Gloomy/Dreary: Suggests gloom, dreariness, or a lack of hope.",Selective Focus: Using a shallow depth of field to isolate the subject and blur the background.,"Sideways Perspective: Presenting subjects from a side view, often used to show profiles or movement.",Happening Event Illustrations: Artistic interpretations of “Happenings” or art events where the performance is the artwork.,"Belle Époque: Peaceful European era, cultural innovations, and Art Nouveau.","Icy Colors: Pale blues, whites, and silvers, evoking a cold, wintry feel."
"Festivals/Celebrations: Various festivals, celebrations, ceremonies.",Family Drama: Focuses on the dynamics and issues within a family unit.,"Luxurious/Opulent: Reflects luxury, opulence, or lavishness.","Overhead Choreography: A top-down staging that reads like a map—patterns, crowds, and spatial relationships.",Cross-Sectional Perspective: Cutting through objects or scenes to view their internal structure.,"Tachisme: Visual style inspired by Tachisme, with recognizable motifs and techniques associated with that movement.","Roaring Twenties: Jazz Age, economic prosperity, and social change in the US.","Nautical: Navy, white, and red, often associated with maritime themes."
"Childhood/Memories: Childhood scenes, nostalgic moments, memory concepts.",Moral Dilemma: Involves a character facing a challenging ethical choice.,"Patriotic/Nationalistic: Conveys national pride, patriotism, or nationalistic sentiment.",Ground-Up Monumentality: Low-to-high staging that makes architecture and figures feel towering and epic.,Reflective Perspective: Using reflective surfaces like mirrors or water to create a dual perspective.,"Fluxus: Visual style inspired by Fluxus, with recognizable motifs and techniques associated with that movement.","Great Depression: Economic downturn, Dust Bowl, and New Deal policies.","Tropical: Bright greens, yellows, and blues, reminiscent of tropical landscapes."
"Industrial/Manufacturing: Factories, machinery, industrial processes.",Culture Clash: Centers around the interaction or conflict between different cultures.,"Primal/Raw: Reflects a primal, raw, or untamed nature.","Panoramic View: Capturing a wide, expansive field of view.",Telephoto Perspective: Using a long-focus lens to compress distance and bring far objects closer.,"Vorticism: Visual style inspired by Vorticism, with recognizable motifs and techniques associated with that movement.","Cold War: Nuclear arms race, space race, and geopolitical tension between superpowers.","Autumnal: Oranges, reds, and browns, evoking the feeling of autumn."
"Digital/Virtual Reality: Virtual landscapes, digital environments, VR concepts.",Political Intrigue: Involves the complex and often manipulative world of politics.,"Satirical/Ironic: Suggests satire, irony, or a critical viewpoint.","Intimate Landscape: Focusing on small, detailed scenes within a larger landscape.","Extreme Long Shot: Capturing a very wide view, often used to show the subject in a vast environment.","Ashcan School: Visual style inspired by Ashcan School, with recognizable motifs and techniques associated with that movement.","Postmodern Era: Skepticism, irony, and questioning of grand narratives in art and culture.","Spring: Soft greens, pinks, and yellows, reflecting the colors of springtime."
"Gardening/Botany: Gardens, plants, botanical scenes, horticulture.",Environmental: Focuses on environmental issues or the relationship between humans and nature.,"Bizarre/Eccentric: Conveys oddity, eccentricity, or the bizarre.","Environmental Portrait: Capturing the subject within their environment, telling a story about their life or work.","Cutaway Perspective: Removing a part of the scene to reveal hidden elements, often used in technical illustrations.","Orientalism: Visual style inspired by Orientalism, with recognizable motifs and techniques associated with that movement.","Digital Age: The rise of the internet, digital technology, and cyberculture.","Neon: Extremely bright and saturated colors, often used to create a bold, modern look."
"Nightscapes/Astrology: Night skies, constellations, astrology-themed imagery.","Spiritual/Religious: Explores themes of spirituality, faith, or religious beliefs.","Futuristic/Progressive: Reflects a futuristic, forward-thinking, or progressive mood.","Abstract Composition: Creating an image with no clear subject, focusing instead on shapes, colors, and forms.","Top-Down Perspective: Looking directly down on a scene, similar to bird's-eye but more direct and flat.","Precisionism: Visual style inspired by Precisionism, with recognizable motifs and techniques associated with that movement.","Steampunk: Retro-futuristic technology, Victorian aesthetics, and alternative history.","Retro: Color schemes from specific past decades, like the 60s, 70s, or 80s."
"Underworld/Dark Fantasy: Dark fantasy landscapes, underworld scenes, gothic themes.","Satire: Uses humor, irony, or exaggeration to critique or mock real-life situations.","Rustic/Simple: Suggests simplicity, rusticity, or a return to basics.",Forced-Perspective Setup: Carefully staged size/placement tricks that create optical illusions and playful scale confusion.,"Cinematic Perspective: Framing shots as if in a movie, often used to create a storytelling effect.","Luminism: Visual style inspired by Luminism, with recognizable motifs and techniques associated with that movement.","Cyberpunk: High-tech, low-life settings, focusing on futuristic dystopian societies.","Camouflage: Greens, browns, and tans, used for blending into natural surroundings."
"Sparse Still Life: A few carefully chosen objects and vast negative space, emphasizing quiet design and restraint.",Time Travel: Involves characters traveling to different times or eras.,"Urban/Modern: Reflects an urban, modern, or contemporary setting.",Kinetic Composition: Capturing motion to create a sense of speed or movement.,"Split Perspective: Showing two or more perspectives simultaneously, often to compare or contrast.","Biomorphism: Visual style inspired by Biomorphism, with recognizable motifs and techniques associated with that movement.","Post-Apocalyptic: World after catastrophic events, survival themes, and desolate landscapes.","Gothic Palette: Deep blacks, burgundy, midnight blues, candle-warm highlights, and stained-glass accents."
"Graffiti-Splashed Streetscape: Public walls, alleyways, tags, murals, and layered posters as the central subject matter.","Space Opera Saga: Sweeping interstellar drama—factions, empires, romance, betrayal, and grand-scale stakes.","Vintage/Retro: Conveys a nostalgic or retro feel, reminiscent of a past era.",Vignette: Darkening the corners of the frame to focus attention on the subject.,"Kaleidoscopic Perspective: Multiplying and mirroring images to create a repetitive, symmetrical effect.","Rayonism: Visual style inspired by Rayonism, with recognizable motifs and techniques associated with that movement.","Alternate History: Historical events occurring differently, leading to different world scenarios.","Oceanic: Various shades of blue and green, representing the colors of the ocean."
"Oceanography/Marine Science: Ocean scenes, marine research, underwater technology.",Parallel-World Crossing: Characters encounter co-existing realities—echoes of themselves and divergent consequences.,"Clinical/Impersonal: Reflects a clinical, sterile, or impersonal mood.",Sequential Composition: Telling a story or showing progression through a series of images.,Infrared Perspective: Using infrared photography to capture wavelengths of light not visible to the naked eye.,"Orphism: Visual style inspired by Orphism, with recognizable motifs and techniques associated with that movement.",Underwater Civilization: Imaginary or futuristic underwater societies and technologies.,"Minimalist: Limited color palette, often using blacks, whites, and grays for a clean, uncluttered look."
"Aviation/Flight: Aircraft, aerial views, skydiving, paragliding.","Cyberpunk Plotline: A high-tech world with sharp inequality—hackers, megacorps, surveillance, and street-level rebellion.","Intimate/Private: Suggests intimacy, privacy, or a personal connection.",Asymmetrical Balance: Creating balance in the composition without symmetrical elements.,"Thermal Perspective: Visualizing heat signatures, often used in scientific or surveillance imagery.","Naïve Art: Visual style inspired by Naïve Art, with recognizable motifs and techniques associated with that movement.","Space Opera: Dramatic, large-scale space adventures, often involving complex narratives.","Chiaroscuro: Strong contrasts between light and dark, creating a dramatic effect."
"War/Conflict: Battle scenes, military equipment, historical wars.",Heist/Caper: Focuses on the planning and execution of a theft or complex scheme.,"Cultural/Ethnic: Reflects a specific cultural, ethnic, or traditional mood.","Rule of Space: Giving the subject space to move or look into, creating a sense of direction or movement.",Night Vision Perspective: Viewing scenes in low-light conditions using night vision technology.,"Biedermeier: Visual style inspired by Biedermeier, with recognizable motifs and techniques associated with that movement.","Neo-noir: Modern take on film noir, featuring crime, moral ambiguity, and urban settings.","Luminous: Colors that seem to emit light, often bright and eye-catching."
"Geology/Earth Sciences: Geological formations, minerals, earth processes.",Coming-of-Age in a Foreign Land: Focuses on a young protagonist adapting to a new culture or country.,"Philosophical/Profound: Suggests a philosophical, deep, or profound nature.","Multi-Layered Composition: Incorporating multiple layers of depth, often with a mix of focused and unfocused areas.","X-Ray Perspective: Using X-ray imaging to see through objects, often used in medical or scientific contexts.","Social Realism: Visual style inspired by Social Realism, with recognizable motifs and techniques associated with that movement.","Dystopian Society: Depicting oppressive, controlled societies, often as a warning for the future.","Rustic: Natural, muted colors like browns, greens, and oranges, often found in rural or natural settings."
"Macro Photography: Close-up details, textures, small-scale subjects.",Alien Encounters: Centers around interactions between humans and extraterrestrial beings.,"Muted/Subdued: Conveys a muted, subdued, or understated mood.",Geometric Composition: Using geometric shapes and lines to organize the elements within the frame.,"Hyperspectral Perspective: Capturing a wide range of electromagnetic spectrum, for detailed analysis.","Magic Realism: Visual style inspired by Magic Realism, with recognizable motifs and techniques associated with that movement.","Utopian Society: Idealized, perfect societies, often exploring social and political structures.","Psychedelic: Bright, swirling colors, often used to create a trippy, surreal effect."
"Folklore/Traditions: Folk tales, traditional stories, cultural rituals.","Post-Apocalyptic Story: Life after catastrophe—survival, rebuilding, and the ethics of what comes next.","Exotic/Foreign: Suggests an exotic, foreign, or unfamiliar feel.",Scale and Proportion: Playing with the scale of subjects to create a sense of size and proportion.,Microscopic Perspective: Magnifying tiny subjects to a level visible to the human eye.,"Hudson River School: Visual style inspired by Hudson River School, with recognizable motifs and techniques associated with that movement.","High Fantasy: Epic tales, magical worlds, and complex lore (distinct from mythological fantasy).","Seasonal: Colors representative of specific seasons (e.g., winter blues, summer yellows)."
"Eco/Green Technology: Renewable energy, eco-friendly technologies, green innovations.",Underdog Story: Follows a character who is at a disadvantage but overcomes obstacles.,"Industrial/Functional: Reflects an industrial, functional, or utilitarian mood.","Overhead Map-Like Layout: A top-down arrangement emphasizing geometry, patterns, and readable spatial relationships.",Satellite Perspective: Viewing the Earth or other celestial bodies from a satellite's viewpoint.,"Neue Sachlichkeit (New Objectivity): Visual style inspired by Neue Sachlichkeit (New Objectivity), with recognizable motifs and techniques associated with that movement.",Parallel Universes: Exploring alternate realities or dimensions with different laws or histories.,Historic: Color palettes that are characteristic of specific historical periods.
"Dystopia/Post-Apocalyptic: Dystopian landscapes, post-apocalyptic scenes.",Whodunit: A classic detective story focusing on solving a crime or mystery.,"Surreal/Fantastical: Conveys a surreal, fantastical, or otherworldly mood.",Silhouette: Backlighting the subject to create a silhouette effect.,"Time-Lapse Perspective: Showing the progression of time in a compressed format, often to show change.","Lettrism: Visual style inspired by Lettrism, with recognizable motifs and techniques associated with that movement.",Ancient Alien Theory: Imagining ancient civilizations influenced by extraterrestrial beings.,Cultural: Color schemes representative of specific cultures or geographic regions.
"Urban Decay/Abandonment: Abandoned places, urban decay, ruins.","Road Trip: Centers around a journey, often leading to self-discovery or adventure.","Medieval/Ancient: Reflects a medieval, ancient, or historical mood.",Light and Shadow: Using the interplay of light and shadow to create mood and contrast.,"Virtual Reality Perspective: Immersive, 360-degree view, creating a sense of being in a different reality.","Spatialism: Visual style inspired by Spatialism, with recognizable motifs and techniques associated with that movement.","Biopunk: Focusing on biotechnology, genetic engineering, and ethical quandaries.",Mood-Inducing: Colors selected to evoke specific emotions or moods.
"Retro/Nostalgia: Retro styles, vintage scenes, historical aesthetics.",Sports/Competition: Focuses on characters involved in sports or competitive activities.,"Cyberpunk/High-Tech: Suggests a cyberpunk, high-tech, or futuristic mood.",Reflection and Symmetry: Using reflections to create symmetry and balance.,"Augmented Reality Perspective: Overlaying digital information on the real world, offering an enhanced view.","Gutai Group: Visual style inspired by Gutai Group, with recognizable motifs and techniques associated with that movement.",Afrofuturism: Combining African culture with science fiction and historical fiction.,"Cosmic: Dark blues, purples, and blacks, often with specks of white or bright colors, representing outer space."
"Fire and Ice: Contrasting themes of fire and ice, volcanic and icy landscapes.",Virtual Reality: Explores the implications and experiences within simulated environments.,"Elemental/Natural: Reflects the elements of nature, like earth, wind, fire, or water.","Cinematic Composition: Composing shots in a style reminiscent of film cinematography, often for storytelling.",360-Degree Perspective: Providing a complete all-around view of a scene or subject.,"CoBrA (Copenhagen, Brussels, Amsterdam): Visual style inspired by CoBrA (Copenhagen, Brussels, Amsterdam), with recognizable motifs and techniques associated with that movement.","Arctic Exploration: Depicting polar expeditions, Inuit cultures, and Arctic environments.","Festive: Bright and celebratory colors, often used for holidays or special occasions."
"Microcosms/Miniature Worlds: Detailed miniature scenes, tiny worlds.","Time Loop: Characters experience the same period repeatedly, often leading to self-discovery or problem-solving.","Joyful/Happy: Conveys a sense of happiness, positivity, and upliftment.","Rule of Thirds: Dividing the frame into thirds, both horizontally and vertically, and placing key elements at these intersections.","Bird's-Eye View: An overhead perspective, offering a comprehensive view from above.","Mail Art: Visual style inspired by Mail Art, with recognizable motifs and techniques associated with that movement.",Prehistoric/Ancient: Depicting times before recorded history or ancient civilizations.,"Monochrome: Utilizing shades of a single color, creating a cohesive and focused effect."
"Shadow Play: Imagery focused on shadows, silhouettes, and light play.","Lost Civilization: Exploration or discovery of an ancient, forgotten society.","Melancholic/Somber: A mood of sadness, introspection, or solemnity.","Symmetry and Balance: Creating a harmonious balance, either through symmetrical or asymmetrical composition.","Worm's-Eye View: Looking up from a low angle, making subjects appear large and imposing.","Transavanguardia: Visual style inspired by Transavanguardia, with recognizable motifs and techniques associated with that movement.","Classical Antiquity: Focusing on the classical civilizations, like Greek and Roman eras.","Complementary: Colors opposite each other on the color wheel, offering high contrast and vibrant visuals."
Optical Illusions: Images that create visual tricks or illusions.,Generation Ship: Life and challenges on a spaceship traveling for generations to reach its destination.,"Mysterious/Enigmatic: Evokes curiosity, intrigue, and a sense of the unknown.",Leading Lines: Using natural or constructed lines to guide the viewer's eye to the focal point.,"Eye-Level: The most natural perspective, replicating human sight line, relatable and straightforward.","Viennese Secession: Visual style inspired by Viennese Secession, with recognizable motifs and techniques associated with that movement.","Medieval: Covering the Middle Ages, characterized by feudalism, castles, and knights.","Analogous: Colors next to each other on the color wheel, creating a harmonious and serene look."
"Body Art/Tattoos: Artistic body modifications, tattoo art.",Courtroom Drama: Focuses on legal battles and the intricacies of the justice system.,"Romantic/Loving: Expresses affection, love, or romantic sentiment.",Frame within a Frame: Using elements within the scene to create a frame around the subject.,"High Angle: Looking down on a subject, can make them appear smaller or less significant.","Trompe-l'œil: Visual style inspired by Trompe-l'œil, with recognizable motifs and techniques associated with that movement.","Renaissance: Representing the period of renewed interest in arts and sciences, bridging the medieval and modern eras.","Triadic: Using three colors evenly spaced around the color wheel, creating a dynamic and balanced palette."
"Clockwork/Mechanical: Clocks, gears, mechanical devices, steampunk themes.",Artificial Intelligence Uprising: Revolves around AI gaining consciousness and its consequences.,"Serene/Peaceful: Conveys calmness, tranquility, and a sense of peace.","Depth and Layering: Creating a sense of depth by layering foreground, middle, and background elements.","Low Angle: Looking up at a subject, often used to convey power or grandeur.","Neo-Geo: Visual style inspired by Neo-Geo, with recognizable motifs and techniques associated with that movement.",Baroque/Rococo: Depicting the ornate and elaborate styles of the 17th and 18th centuries.,"Neutral: Incorporating whites, blacks, grays, and sometimes beiges, offering a subtle and sophisticated feel."
"Dreams/Nightmares: Dream sequences, nightmarish imagery, dreamscapes.","Body Swap: Characters switch bodies, leading to various comedic and dramatic situations.","Energetic/Vibrant: Reflects liveliness, dynamism, and high energy.",Negative Space: Utilizing empty or open space around the subject to draw attention to it.,"Dutch Angle/Tilt: A tilted camera perspective, creating a sense of unease or dynamic tension.","Process Art: Visual style inspired by Process Art, with recognizable motifs and techniques associated with that movement.","Industrial Revolution: Focusing on the era of industrialization, with themes of machinery, urbanization, and social change.","Warm: Reds, oranges, and yellows, conveying warmth, energy, and excitement."
"Elemental Forces: Depictions of earth, wind, fire, and water in various forms.",Secret Society: Explores the workings of a hidden organization with unique customs or powers.,Foreboding/Ominous: A sense of impending danger or something negative.,Perspective and Angles: Using unique angles or perspectives to create a particular viewpoint or effect.,"Aerial: Similar to bird's-eye but often at a higher altitude, commonly used in drone photography.","New Leipzig School: Visual style inspired by New Leipzig School, with recognizable motifs and techniques associated with that movement.","Modern (20th Century): Encompassing both World Wars, the rise of technology, and major social shifts.","Cool: Blues, greens, and purples, evoking calmness, tranquility, and professionalism."
Cosmic Mysteries: Imagery inspired by cosmic phenomena and mysteries.,"Pirate Adventure: Set in the world of sea pirates, treasure hunts, and naval battles.",Nostalgic/Sentimental: Evokes a longing for the past or a sense of wistfulness.,"Pattern and Repetition: Repeating elements to create a pattern, which can add interest or emphasize aspects of the subject.","First-Person Perspective: Showing the viewpoint of a character, immersing the viewer in their experience.","Folk Art: Visual style inspired by Folk Art, with recognizable motifs and techniques associated with that movement.","Contemporary: Representing the current or very recent period, with modern-day settings and themes.","Pastel: Soft, light tints of colors, creating a gentle, soothing, and friendly atmosphere."
"Ancient Civilizations: Lost cities, ancient ruins, historical civilizations.",Celebrity Life: Focuses on the highs and lows of a celebrity's life.,"Surreal/Dreamlike: Conveys a sense of unreality, fantasy, or dreaminess.","Color Composition: Using color deliberately to create mood, balance, or focus.","Three-Point: Involving three vanishing points, often used in architectural or urban photography for a dramatic effect.","Arte Nucleare: Visual style inspired by Arte Nucleare, with recognizable motifs and techniques associated with that movement.","Futuristic/Sci-Fi: Imagining future settings, often with advanced technology, space travel, or dystopian themes.","Vibrant: Bright, saturated colors, generating energy and vivacity."
"Biomimicry/Nature-Inspired Design: Designs inspired by nature, biomimetic concepts.",Steampunk Universe: Set in a world where steam power is the primary technology.,"Humorous/Playful: Reflects fun, humor, and a light-hearted nature.",Texture and Detail: Focusing on the texture or fine details of the subject to create a particular effect or mood.,"Forced Perspective: Employing optical illusions to make objects appear larger, smaller, closer, or further away than they actually are.","Metaphysical Painting: Visual style inspired by Metaphysical Painting, with recognizable motifs and techniques associated with that movement.","Fantasy/Mythological: Creating worlds or scenarios that are not bound by historical accuracy, often inspired by mythology or imagination.","Earth Tones: Browns, tans, and greens, often found in nature, providing a grounded, organic feel."
"Time Travel/Temporal: Scenes depicting time travel, temporal anomalies.",Cybernetic Enhancement: The implications of humans enhancing themselves with technology.,"Cozy/Inviting: Warm, intimate comfort—soft textures, warm light, and a sense of safety.",Low-Key Lighting: Deep shadows with selective highlights—dramatic contrast and mystery.,Wide-Angle Lens: Expansive view with slight edge distortion—immersive space.,"Haptic/Tactile Art: Extreme texture, material realism, and touch-driven forms—hands, embossing, relief, and surface detail.","Classical Greece: City-states, marble temples, mythic iconography, and Mediterranean light.",Limited Palette (3-Color): Restricting to three dominant colors for strong unity and graphic clarity.
"Esoteric/Spiritual: Esoteric symbols, spiritual scenes, mystical imagery.","Animal's Perspective: A narrative from the viewpoint of an animal, real or fictional.",Bittersweet: Beauty mixed with loss; tenderness and melancholy co-exist.,"High-Key Lighting: Bright, even illumination with minimal shadows—clean, airy clarity.","Telephoto Compression: Flattened distance—layers stack together, background feels close.","Neo-Fauvism: Visual style inspired by Neo-Fauvism, with recognizable motifs and techniques associated with that movement.","Ancient Rome: Forums, aqueducts, mosaics, and imperial spectacle.",Black-and-White Noir: High-contrast monochrome with deep blacks and sharp highlights.
"Puppetry/Marionettes: Puppets, marionettes, puppeteering scenes.",Forbidden Love: A romance that is hindered by societal norms or external factors.,"Liminal/Uncanny Calm: Quiet threshold spaces—empty halls, late-night streets—calm with an undercurrent of strangeness.",Golden Hour Glow: Low-angle warm sunlight with long shadows and gentle bloom.,Shallow Depth of Field: Narrow focus plane with creamy bokeh—attention on a specific detail.,"YBA (Young British Artists): Visual style inspired by YBA (Young British Artists), with recognizable motifs and techniques associated with that movement.","Tang Dynasty China: Cosmopolitan courts, silk roads, poetry, and refined aesthetics.","Kodachrome-Like: Warm reds/yellows, rich blues, and nostalgic film punch."
"Kaleidoscopic/Pattern: Images with repetitive patterns, kaleidoscopic designs.",Elderly Protagonist: Focuses on the life and challenges of an older character.,"Clinical/Detached: Crisp, sterile, analytical feeling—orderly surfaces and emotional distance.","Blue Hour Dusk: Cool ambient light after sunset—soft gradients, streetlights starting to glow.",Deep Focus: Everything sharp from foreground to background—dense environmental storytelling.,"Abstract Illusionism: Visual style inspired by Abstract Illusionism, with recognizable motifs and techniques associated with that movement.","Heian Japan: Courtly romance, gardens, layered garments, and delicate ritual.","Technicolor Pop: Saturated primaries with clean separation—bold, theatrical color."
"Ice Sculptures/Frozen Moments: Ice art, frozen scenes, frost patterns.",Amnesia: Revolves around a character's struggle with memory loss.,"Sacred/Reverent: Awe and devotion—ritual atmosphere, hush, and symbolic gravitas.",Rim Light / Edge Light: A bright outline separating subject from background—luminous silhouettes.,Tilt-Shift Miniature: Selective focus creates a diorama effect—toy-like scale.,"Postminimalism: Visual style inspired by Postminimalism, with recognizable motifs and techniques associated with that movement.","Mughal India: Miniature-painting sensibility, palace life, and intricate ornament.","Vaporwave Pastels: Pinks, teals, lavenders, and soft gradients with nostalgic neon."
"Light Painting/Long Exposure: Light trails, long exposure photography, light art.",Parallel Life: A character experiences what their life could have been under different circumstances.,"Claustrophobic/Compressed: Tight spaces, crowding, and pressure—limited breathing room.","Volumetric Light Beams: Visible shafts of light through haze, dust, mist, or smoke—cinematic atmosphere.",Anamorphic Cinema Look: Wide frame feel with oval bokeh and horizontal flares (stylized).,"Pattern and Decoration: Visual style inspired by Pattern and Decoration, with recognizable motifs and techniques associated with that movement.","West African Empires: Mali/Songhai trade routes, scholarly cities, gold and textile culture.","Synthwave Neon: Hot magentas, electric blues, and deep blacks—night-drive energy."
"Sand Art/Sand Sculptures: Sand designs, sandcastles, intricate sand art.",Ghost Story: Involves hauntings or interactions with the spirit world.,"Euphoric/Exultant: Overflowing joy and release—movement, bright emphasis, celebratory energy.","Candlelit / Firelit Scene: Flickering warm highlights, deep falloff, and moving shadows.",Split-Diopter Focus: Foreground and background both sharp with a soft transition—surreal clarity.,"Neo-Rococo: Visual style inspired by Neo-Rococo, with recognizable motifs and techniques associated with that movement.","Pre-Columbian Andes: Inca roads, mountain rituals, weaving, and stone architecture.",Cyanotype Blue: Deep Prussian blues with white highlights—blueprint mood.
"Origami/Paper Art: Paper folding art, origami scenes, paper sculptures.",Superhero: Focuses on characters with extraordinary abilities and their adventures.,"Hypnotic/Trance-like: Repetition, rhythm, and gentle disorientation—mesmerizing patterns.","Neon Practical Lighting: Scene lit by signs, LEDs, and colored practicals—pools of saturated light.",Reflection Perspective: Key subject seen primarily via mirror/glass/water reflections.,"Synthetism: Visual style inspired by Synthetism, with recognizable motifs and techniques associated with that movement.","The Black Death Era: Medieval Europe under plague shadow—ritual, fear, and resilience.","Infrared False Color: Magenta vegetation, cyan skies—spectral, uncanny palette."
"Labyrinths/Mazes: Complex labyrinths, maze designs, puzzle imagery.",Villain's Perspective: A story told from the antagonist’s point of view.,Stoic/Resolute: Calm strength under stress—endurance and quiet determination.,Hard Flash Aesthetic: Direct on-camera flash—crisp shadows and raw immediacy.,"Through-the-Glass View: Looking through windows, rain-streaked glass, or plastic—filtered reality.","Lyric Abstraction: Visual style inspired by Lyric Abstraction, with recognizable motifs and techniques associated with that movement.","The Enlightenment: Salons, scientific instruments, print culture, and rational optimism.",Thermal Heatmap Palette: Hot-to-cold gradients (white/yellow/red to blue/purple) mapping temperature.
"Sound Waves/Audio Visual: Visual representations of sound, audio waves.",Musical World: A narrative where music plays a central role in the characters' lives.,"Austere/Severe: Stripped-down, disciplined, and stark—beauty through restraint.","Softbox Studio Lighting: Controlled, flattering light—smooth gradients and clean shadows.",Periscope / Peek View: Partially obstructed viewpoint—spy-like framing and tension.,"Lowbrow (Pop Surrealism): Visual style inspired by Lowbrow (Pop Surrealism), with recognizable motifs and techniques associated with that movement.","The French Revolution: Crowds, pamphlets, symbols, and shifting power.",Night-Vision Green: Green monochrome with bloom and grain—surveillance tone.
"Black Holes/Space Anomalies: Black holes, wormholes, space anomalies.",Extreme Weather: Survival or adventure in the face of natural disasters.,Playfully Menacing: Cute elements with a sharp edge—humor plus threat in balance.,"Underlighting: Light from below—unnatural, theatrical, or uncanny emphasis.",Cross-Section Cutaway: Scene shown as a cutaway—rooms and layers visible at once.,"Grunge Art: Visual style inspired by Grunge Art, with recognizable motifs and techniques associated with that movement.","The Roaring Twenties: Jazz clubs, art deco glamour, and modern nightlife.",Bioluminescent Glow: Dark base with luminous cyans/greens—glowing accents in shadow.
"Subatomic/Quantum World: Imagery inspired by quantum physics, subatomic particles.",Rebellion/Revolution: Centers on an uprising against an established power or order.,"Dream-Heavy/Oneiric: Thick, slow dream atmosphere—soft focus and symbolic drift.",Silhouetted Crowd: Many figures in silhouette—shape language and collective presence.,Exploded View: Objects separated in space to reveal components—mechanical clarity.,"Post-Digital Art: Visual style inspired by Post-Digital Art, with recognizable motifs and techniques associated with that movement.","1940s Noir: Postwar cities, trench coats, smoke, and hard shadows.",Iridescent/Pearlescent: Shifting highlights—opal-like sheen across surfaces.
"Cyberpunk/Futuristic Cities: Cyberpunk aesthetics, futuristic urban landscapes.",Cultural Festival: Revolves around a significant cultural or religious festival.,"Electric/Anticipatory: Charged air before an event—restless, bright tension.",Split Lighting: Face or subject divided into light and shadow—tension and duality.,"X-Ray / Radiograph View: Inner structure visible—bones, mechanisms, hidden layers.","Urban Art: Visual style inspired by Urban Art, with recognizable motifs and techniques associated with that movement.","1950s Mid-Century: Optimism, modern design, suburbia, and consumer futurism.",Rust and Verdigris: Oxidized oranges with blue-green patina—aged metal feel.
Toxic Beauty/Dangerous Allure: Beautiful yet dangerous or toxic themes.,Alien World Exploration: Discovering and exploring life on another planet.,Wistful/Yearning: Longing for something just out of reach—gentle sadness and hope.,"Backlit Translucency: Light through thin materials—leaves, paper, fabric—glowing edges.","Infrared / False-Color View: Non-natural color mapping—heat, vegetation, or spectral data.","Internet Art: Visual style inspired by Internet Art, with recognizable motifs and techniques associated with that movement.","1960s Space Race: Retro tech, mission control aesthetics, and cosmic optimism.","Desert Sun: Sand beiges, burnt sienna, and pale sky blues—heat and clarity."
"Mirror Reflections/Double Exposure: Mirrored images, double exposure effects.","Virtual Game: Set inside a virtual reality game, blurring lines between game and reality.",Sublime/Awe-Struck: Vast scale or power—beauty that feels almost overwhelming.,Fog/Haze Layering: Atmospheric perspective created by haze—depth through softness.,"Night-Vision View: Green-toned amplified darkness—grain, bloom, and surveillance mood.","Generative Art: Visual style inspired by Generative Art, with recognizable motifs and techniques associated with that movement.","1970s Earthy Modern: Warm earth tones, analog tech, and political posters.","Stormlight: Cool grays, slate blues, and occasional lightning-white highlights."
"Geometric/Architectural Abstraction: Abstract geometric forms, architectural abstraction.","Noir: A dark, moody narrative often involving crime and moral ambiguity.",,Triptych Layout: Three-panel composition—before/during/after or thematic variations.,Macro to Micro Transition: A single scene that shifts from normal scale into microscopic detail.,"Sound Art (Visualized): Artwork built around sound translated into visual form—waveforms, instruments, resonant patterns, and vibration traces.","1980s Neon: Synth culture, bright signage, and glossy futurism.","Candle Warmth: Amber, honey gold, deep umber—warm falloff into shadow."
"Bioluminescence: Scenes featuring natural bioluminescence, glowing organisms.",Underwater Society: Life and challenges in an underwater civilization.,,Diptych Contrast: Two-panel composition—paired opposites or mirrored narratives.,"Overhead Close Perspective: Top-down but intimate—tabletops, maps, food, and hands.","Light and Space: Visual style inspired by Light and Space, with recognizable motifs and techniques associated with that movement.","1990s Analog-Digital Bridge: Early internet, zines, and hybrid media aesthetics.","Fog Pastels: Soft desaturated blues, lilacs, and gray-green—misty calm."
"Ethereal/Astral: Ethereal landscapes, astral projections, otherworldly scenes.",Mind Control: The implications of controlling or influencing others' thoughts.,,"Collage Montage: Layered fragments—cutouts, torn edges, overlapping scenes.",,"Neo-Concrete Movement: Visual style inspired by Neo-Concrete Movement, with recognizable motifs and techniques associated with that movement.","Y2K (Late 1990s/2000s): Chrome, translucent plastics, and optimistic tech styling.","Riso Neon Duo: Two loud inks (e.g., fluorescent pink + teal) with print texture."
"Tarot/Mysticism: Tarot card themes, mystical imagery, fortune telling.",Prophecy/Fulfillment: A story revolving around a prophecy and efforts to fulfill or prevent it.,,"Overlapping Foreground Occlusion: Objects partially block the view—voyeurism, realism, depth.",,"Relational Art: Visual style inspired by Relational Art, with recognizable motifs and techniques associated with that movement.",Near-Future (2030s–2050s): Familiar world with plausible tech—smart materials and climate adaptation.,"Muted Documentary: Earthy desaturation with subtle color pops—realistic, grounded palette."
Elemental Spirits/Fantasy Beings: Imaginary beings representing elements or nature.,Life in Miniature: A narrative set in a world where characters are tiny or in a miniaturized environment.,,"Motion Blur Trails: Intentional blur to show movement, speed, or time passing.",,"Zero Movement: Visual style inspired by Zero Movement, with recognizable motifs and techniques associated with that movement.","Far-Future Posthuman: Radical biology, mind–machine blends, and unfamiliar social norms.",Jade and Gold: Deep greens with warm gold accents—luxury and calm strength.
Interdimensional Portals: Scenes depicting gateways to other dimensions or universes.,Lost in Space: The challenges of being stranded or lost in outer space.,,"Multiple Exposure Effect: Layered moments in one frame—memory, time, or parallel action.",,"Fauvism: Visual style inspired by Fauvism, with recognizable motifs and techniques associated with that movement.","Solarpunk: Bright, hopeful eco-futures—renewables, communal design, green infrastructure.",
"Molecular Structures: Artistic representations of molecules, chemical structures.",Dimensional Travel: Characters traveling through different dimensions or universes.,,Spiral Composition: Curving spiral guides the eye inward—hypnotic visual flow.,,"Dadaism: Visual style inspired by Dadaism, with recognizable motifs and techniques associated with that movement.","Dieselpunk: Interwar/WWII-inspired retro-futurism—rivets, engines, propaganda design.",
"Cryptography/Secret Codes: Imagery based on codes, ciphers, hidden messages.",Ancient Gods in Modern Times: Old deities or mythological figures navigating the contemporary world.,,"Big-Sky Composition: Tiny subjects under vast sky—scale, solitude, and awe.",,"Romanticism: Visual style inspired by Romanticism, with recognizable motifs and techniques associated with that movement.","Mythic Prehistory: Legend-like ancient times—megaliths, rituals, and symbolic natural forces.",
"Whimsical Machines: Imaginative, whimsical, or absurd mechanical devices.",Rural Life: The unique aspects and challenges of life in a rural setting.,,Crowd Choreography: Many small interactions arranged like a dance—micro-stories across the frame.,,"Post-Impressionism: Visual style inspired by Post-Impressionism, with recognizable motifs and techniques associated with that movement.",,
Shadow Puppets: Artistic scenes using hand shadows or shadow puppetry.,"Futuristic Sports: A narrative about sports that don't currently exist, set in the future.",,,,"Constructivism: Visual style inspired by Constructivism, with recognizable motifs and techniques associated with that movement.",,
Urban Camouflage: Scenes of people or objects blending into urban environments.,Mind Transfer: Transferring consciousness between bodies or mediums.,,,,"Expressionism: Visual style inspired by Expressionism, with recognizable motifs and techniques associated with that movement.",,
"Quantum Computing: Abstract representations of quantum computers, qubits.",Eco-Disaster Survival: Struggling to survive in a world ravaged by ecological disasters.,,,,"Art Brut (Outsider Art): Visual style inspired by Art Brut (Outsider Art), with recognizable motifs and techniques associated with that movement.",,
"Moving Sculpture Installations: Mobiles, wind-driven forms, pendulums, and motion-based sculptures captured mid-swing.",Magic in the Modern World: How magic would interact with contemporary society.,,,,"Symbolism: Visual style inspired by Symbolism, with recognizable motifs and techniques associated with that movement.",,
Thermal Imaging/Heat Maps: Visualizations based on thermal or heat imaging.,Post-Human Evolution: Exploring the future of human evolution.,,,,"Kinetic Art Style: Emphasis on motion, mechanisms, and shifting forms—suggested through blur, repetition, or suspended movement.",,
"Synesthesia: Depictions of synesthetic experiences, blending senses.",Cyber Detective: Solving crimes in a world dominated by digital technology.,,,,"Op Art (Optical Art): Visual style inspired by Op Art (Optical Art), with recognizable motifs and techniques associated with that movement.",,
"Optical Fiber Art: Artistic uses of optical fibers, light transmitting art.",Interstellar Diplomacy: The complexities of diplomacy between different space-faring civilizations.,,,,"High Renaissance: Visual style inspired by High Renaissance, with recognizable motifs and techniques associated with that movement.",,
"Magnetic Fields: Visual representations of magnetic fields, ferrofluid art.",Time-Traveling Historian: Historians traveling through time to experience historical events firsthand.,,,,"Mannerism: Visual style inspired by Mannerism, with recognizable motifs and techniques associated with that movement.",,
"Soundproof/Silence: Imagery depicting silence, soundproof environments.",Nanotechnology Wonders: The world transformed by advanced nanotechnology.,,,,"Pre-Raphaelite: Visual style inspired by Pre-Raphaelite, with recognizable motifs and techniques associated with that movement.",,
"Digital Glitch/Corruption: Art based on digital glitches, corrupted data visuals.","Ancient Artifact Discovery: The discovery and impact of an ancient, powerful artifact.",,,,"Neo-Expressionism: Visual style inspired by Neo-Expressionism, with recognizable motifs and techniques associated with that movement.",,
"Holographic Imagery: Scenes depicting holograms, holographic technology.",Life as an Android: Exploring the life and identity challenges of an android.,,,,"Art Informel: Visual style inspired by Art Informel, with recognizable motifs and techniques associated with that movement.",,
"Rube Goldberg Machines: Complex, humorous machines that perform simple tasks.",Parallel Earth: A story set on an Earth-like planet with key differences.,,,,"Suprematism: Visual style inspired by Suprematism, with recognizable motifs and techniques associated with that movement.",,
"Zentangles/Doodle Art: Complex doodle art, zentangle patterns.",Space Colony Life: Daily life and challenges in a space colony.,,,,"Pointillism: Visual style inspired by Pointillism, with recognizable motifs and techniques associated with that movement.",,
"High-Speed Photography: Capturing fast-moving scenes, splashes, explosions.",Terraforming: The process and implications of terraforming a new planet.,,,,"Land Art: Visual style inspired by Land Art, with recognizable motifs and techniques associated with that movement.",,
"Psychodelia: Psychedelic imagery, trippy patterns, mind-altering visuals.",Haunted Location: A narrative centered around a place known for its supernatural occurrences.,,,,"Photorealism: Visual style inspired by Photorealism, with recognizable motifs and techniques associated with that movement.",,
"Ancient Scripts/Runic Symbols: Imagery based on ancient scripts, runes, glyphs.",Cults and Beliefs: Exploring the dynamics and impact of cults.,,,,"Environmental Art: Visual style inspired by Environmental Art, with recognizable motifs and techniques associated with that movement.",,
ugmented Reality: Scenes blending virtual elements with the real world.,Galactic Federation: Politics and intrigue within a governing body of multiple alien species.,,,,"Arte Povera: Visual style inspired by Arte Povera, with recognizable motifs and techniques associated with that movement.",,
Antigravity Concepts: Imagery depicting anti-gravity environments or effects.,Immortality Quest: The pursuit of eternal life and its consequences.,,,,"Neo-Dada: Visual style inspired by Neo-Dada, with recognizable motifs and techniques associated with that movement.",,
"Sacred Geometry: Art based on sacred geometry, spiritual symbols.",Intergalactic Refugee: The journey and challenges of a refugee from another planet.,,,,"Color Field Painting: Visual style inspired by Color Field Painting, with recognizable motifs and techniques associated with that movement.",,
"Surreal Clockworks: Imagery of surreal, abstract clocks and timepieces.",Time Paradox: Dealing with the complexities and consequences of altering the timeline.,,,,"Hard-Edge Painting: Visual style inspired by Hard-Edge Painting, with recognizable motifs and techniques associated with that movement.",,
Paper Cut-Out Art: Scenes created with intricate paper cut-out designs.,Shadow World: A narrative set in a hidden world that exists parallel to our known reality.,,,,"Video Art: Visual style inspired by Video Art, with recognizable motifs and techniques associated with that movement.",,
"Infrared Photography: Imagery based on infrared light, unseen spectrums.","Tech-Noir: A fusion of science fiction and noir, featuring high-tech and low-life elements.",,,,"Psychedelic Art: Visual style inspired by Psychedelic Art, with recognizable motifs and techniques associated with that movement.",,
Steampunk Fantasy: Combining steampunk elements with fantasy themes.,Deserted Island Survival: The challenges of surviving on a deserted island.,,,,"Installation Art: Visual style inspired by Installation Art, with recognizable motifs and techniques associated with that movement.",,
Origami Architecture: Buildings or structures designed in origami style.,Dream Manipulation: Exploring the ability to enter and manipulate dreams.,,,,"Victorian: Visual style inspired by Victorian, with recognizable motifs and techniques associated with that movement.",,
Shadow and Light Interplay: Artistic play of shadows and light in various forms.,Virtual Afterlife: The concept of consciousness living on in a digital afterlife.,,,,"De Stijl (Neoplasticism): Visual style inspired by De Stijl (Neoplasticism), with recognizable motifs and techniques associated with that movement.",,
Echo/Acoustic Art: Visual representations of echoes or acoustic phenomena.,Alien Invasion: The impact and response to an extraterrestrial invasion.,,,,"Action Painting: Visual style inspired by Action Painting, with recognizable motifs and techniques associated with that movement.",,
"Neon Urban Nights: Vibrant neon-lit urban scenes, night cityscapes.",Historical Conspiracy: Uncovering a conspiracy that alters historical understanding.,,,,"Impressionism: Visual style inspired by Impressionism, with recognizable motifs and techniques associated with that movement.",,
"M.C. Escher Inspired: Impossible structures, optical illusions in Escher's style.",Mind-Bending Reality: A narrative where reality is not what it seems and is constantly shifting.,,,,"Art Nouveau: Visual style inspired by Art Nouveau, with recognizable motifs and techniques associated with that movement.",,
"Undersea Fantasy: Imaginary undersea creatures, landscapes, and cities.",Lost in Time: A character unexpectedly finds themselves in a different time period.,,,,"Black and White Photography: Visual style inspired by Black and White Photography, with recognizable motifs and techniques associated with that movement.",,
Gravity Distortions: Scenes where gravity appears distorted or nonexistent.,Space Pirate: The life and adventures of a pirate in outer space.,,,,"Cubism: Visual style inspired by Cubism, with recognizable motifs and techniques associated with that movement.",,
X-Ray Vision: Scenes visualized as if seen through X-ray imaging.,Apocalyptic Cult: A story centered around a cult that predicts or causes an apocalypse.,,,,"Surrealism: Dream-logic imagery, uncanny combinations, and symbolic, subconscious atmospheres.",,
"Psychedelic Nature: Nature scenes with a psychedelic, surreal twist.",Anti-Utopia: A seemingly perfect society with underlying dystopian elements.,,,,"Abstract Expressionism: Visual style inspired by Abstract Expressionism, with recognizable motifs and techniques associated with that movement.",,
"Wireframe Digital Art: 3D wireframe models, digital wireframe landscapes.",Cross-Cultural Romance: A love story between individuals from vastly different cultures.,,,,"Baroque: Visual style inspired by Baroque, with recognizable motifs and techniques associated with that movement.",,
"Vortex and Spirals: Imagery focusing on vortexes, spirals, and whirling forms.",Medieval Fantasy: Set in a medieval world with fantasy elements like magic and mythical creatures.,,,,"Minimalism: Reduction to essentials—clean forms, limited elements, and strong negative space.",,
Calligraphy Art: Artistic scenes incorporating calligraphic elements.,"Alternate History Plot: A pivotal historical change creates a different present—new borders, technologies, and cultural norms.",,,,"Digital 3D Rendering: Visual style inspired by Digital 3D Rendering, with recognizable motifs and techniques associated with that movement.",,
"Urban Wildlife: Wildlife adapted to urban environments, city animals.",Robot Rebellion: The uprising of robots against their human creators.,,,,"Pop Art: Visual style inspired by Pop Art, with recognizable motifs and techniques associated with that movement.",,
"Microchip/Circuitry Art: Art based on microchips, circuit boards, electronic patterns.",Magical School: The adventures and challenges in a school for magic.,,,,"Gothic Art: Dramatic verticality, ornate detail, spiritual symbolism, and moody chiaroscuro.",,
Bionic/Cybernetic Enhancements: Imagery of humans with bionic enhancements.,Futuristic Healer: A story about a medical professional in the future with advanced technology.,,,,"Renaissance Painting: Balanced compositions, naturalistic anatomy, and classical proportion with soft, realistic light.",,
"Abstract Mathematics: Visual interpretations of mathematical concepts, theorems.",Zombie Apocalypse: Survival in a world overrun by zombies.,,,,"Street Art Style: Spray-paint textures, bold outlines, stencils, and layered urban mark-making.",,
"Cosmic Horror: Scenes inspired by cosmic horror, Lovecraftian themes.",Parallel Personalities: A character exhibits different personalities in parallel worlds.,,,,"Japanese Ukiyo-e: Visual style inspired by Japanese Ukiyo-e, with recognizable motifs and techniques associated with that movement.",,
Lightning Photography: Capturing the beauty and power of lightning.,Mythical Creature Companion: A narrative involving a human's bond with a mythical creature.,,,,"Art Deco: Visual style inspired by Art Deco, with recognizable motifs and techniques associated with that movement.",,
"Deep-Sea Exploration: Imagery related to deep-sea vehicles, alien-like sea life.","Age Regression: A character experiences life in reverse, becoming younger.",,,,"Rococo: Visual style inspired by Rococo, with recognizable motifs and techniques associated with that movement.",,
"Time-lapse Photography: Scenes showing time-lapse effects, changing landscapes.",Living Artwork: Artwork or statues that come to life and interact with the real world.,,,,"Neo-Classicism: Visual style inspired by Neo-Classicism, with recognizable motifs and techniques associated with that movement.",,
"Ancient Alchemy: Imagery inspired by alchemical symbols, processes.",Space Tourism: The adventures of tourists traveling in space.,,,,"Conceptual Art: Visual style inspired by Conceptual Art, with recognizable motifs and techniques associated with that movement.",,
"Fractal Landscapes: Complex fractal patterns, fractal-based natural scenes.",Super-Intelligent Animals: Animals with enhanced intelligence and their interactions with humans.,,,,"Byzantine Art: Visual style inspired by Byzantine Art, with recognizable motifs and techniques associated with that movement.",,
"Dark Matter Concepts: Artistic interpretations of dark matter, space mysteries.",Hidden Magic in Everyday Life: Magic existing unnoticed in the modern world.,,,,"Futurism: Visual style inspired by Futurism, with recognizable motifs and techniques associated with that movement.",,
Urban Rooftops: Scenes depicting the life and views from urban rooftops.,Futuristic Detective: Solving crimes in a highly advanced technological future.,,,,"Watercolor Illustration: Transparent washes, soft edges, paper texture, and delicate gradients.",,
"Ghost Towns/Abandoned Cities: Depictions of abandoned places, ghost towns.",Interdimensional War: A war that spans across multiple dimensions or realities.,,,,"Gouache Painting: Matte, opaque color blocks with painterly edges and strong shapes.",,
Tesseract/4D Objects: Artistic interpretations of four-dimensional objects.,Virtual Reality Addiction: The impact of addiction to virtual worlds.,,,,"Oil Impasto: Thick paint, visible brushstrokes, tactile ridges, and luminous blending.",,
"Liquid Metal Art: Imagery based on liquid metal, fluid metallic forms.",Lost Explorer: The story of an explorer lost in an uncharted territory.,,,,"Acrylic Painting: Crisp layers, fast-drying edges, and bold color fields with texture.",,
"Biotech/Futuristic Biology: Scenes of futuristic biotechnology, bioengineering.",Alien Assimilation: Aliens trying to integrate into human society.,,,,"Charcoal Drawing: Smoky tones, expressive smudging, and dramatic value ranges.",,
"Kinetic Sand Art: Scenes created with kinetic sand, dynamic sand sculptures.",Doppelgänger: A character encounters their exact look-alike leading to unexpected consequences.,,,,"Graphite Realism: Fine pencil detail, subtle shading, and controlled rendering.",,
Light Echoes/Astronomical Phenomena: Light echoes and other cosmic events.,Magical Heist: A heist that involves the use of magic and magical artifacts.,,,,"Ink Wash (Sumi-e Inspired): Minimal strokes, flowing ink gradients, and expressive negative space.",,
Retrofuturism: Imagery combining retro styles with futuristic concepts.,Underground Civilization: A narrative about a civilization living beneath the Earth's surface.,,,,"Pen-and-Ink Crosshatching: Dense linework, texture through hatching, and crisp contrast.",,
"Sound Visualizations: Art based on visual representations of sound, audio waves.",Time-Traveling Thief: A thief who uses time travel to commit perfect crimes.,,,,"Linocut/Woodcut Print: High-contrast carved textures, bold shapes, and printmaking grain.",,
"Astral Projection: Depicting the concept of astral projection, out-of-body experiences.","Immersive Theater: A story set in an all-encompassing, interactive theatrical experience.",,,,"Screenprint Poster Style: Flat inks, limited palette, and graphic shapes with bold typography cues.",,
Color Blind Perspectives: Artistic interpretations of color blind vision.,Cyber-Warfare: The implications of warfare conducted through digital means.,,,,"Risograph Two-Color: Slight misregistration, halftone texture, and playful limited inks.",,
"Solar Flares/Space Weather: Imagery based on solar flares, space weather phenomena.",Quantum Realm Exploration: Adventures in a realm governed by quantum mechanics.,,,,Cyanotype Blueprint: Prussian-blue tonal range with photographic silhouettes and blueprint feel.,,
"Human Anatomy Art: Artistic interpretations of human anatomy, body systems.",Futuristic Olympics: Olympic games featuring futuristic sports and technology.,,,,"Stained Glass Illustration: Leaded outlines with luminous, jewel-like color panes.",,
"Magnetic Levitation: Scenes depicting magnetic levitation, floating objects.",Alien Anthropologist: An alien studying human culture and society.,,,,Mosaic Tessellation: Tiled surface with visible pieces—texture-driven color and form.,,
"Chromatic Aberration: Art based on chromatic aberration, color distortions.",Prehistoric Adventure: A narrative set in prehistoric times with dinosaurs and early humans.,,,,"Fresco / Mural Painting: Wall-painted feel, matte pigments, and slightly weathered surfaces.",,
"Crystallography: Art inspired by crystal structures, geometric crystal forms.",Space Elevator: Life and events centered around a space elevator.,,,,"Paper-Cut Collage: Layered cut paper shapes, crisp edges, and tactile shadows.",,
"Urban Farming/Green Roofs: Depictions of urban farming, rooftop gardens.",Superpowered School: A school for individuals with superpowers.,,,,"Embroidery / Textile Art: Thread textures, stitched lines, and fabric-based shading.",,
"Nano Art: Art based on nanoscale designs, molecular art.",Climate Change Dystopia: A future world drastically altered by climate change.,,,,"Clay/Ceramic Glaze: Sculptural forms with glossy glaze, kiln effects, and material depth.",,
"Celestial Events: Eclipses, meteor showers, rare astronomical events.",Multi-Generational Saga: A story that spans several generations of a family.,,,,"Metal Engraving / Etching: Fine incised lines, ornamental detail, and print-like precision.",,
"Perspective Play: Scenes playing with perspective, forced perspective art.",Ghost Town Mystery: Unraveling the mystery of an abandoned or haunted town.,,,,Photoreal Cinematic Still: Film-still realism with controlled lighting and shallow depth cues.,,
"Portrait in Context: A person or small group embedded in a rich environment (workshop, street, home) so the setting tells the story too.","Rite of Passage: A character or community crosses a threshold—graduation, initiation, coming-of-age—marked by symbolic objects.",,,,"35mm Film Grain: Analog film texture, halation, and nostalgic tonal roll-off.",,
Group Scene / Ensemble Cast: Many characters interacting—no single figure dominates; the scene is about relationships and choreography.,Reunion After Years: People reconnect with a mix of joy and grief; the environment holds echoes of the past.,,,,"Polaroid Snapshot: Soft focus, vignetting, and instant-film color shifts.",,
"Hands, Tools, and Craft: Close focus on hands at work—sewing, carving, soldering, weaving—celebrating process and skill.","A Secret Letter Delivered: A message changes everything—hidden compartments, coded notes, quiet urgency.",,,,"Long-Exposure Photography: Light trails, smoothed water, and time stretched into one frame.",,
"Still Life with Clues: Objects arranged like evidence—letters, keys, flowers, a cracked cup—suggesting an unseen narrative.","The Apprenticeship: A mentor and students at work; knowledge is transmitted through gesture, repetition, and care.",,,,"HDR Surreal Realism: Hyper-detailed shadows/highlights—punchy, slightly uncanny realism.",,
"Interior Architecture: Rooms and hallways with strong geometry—libraries, kitchens, studios, theaters—full of lived-in detail.","The Heirloom’s History: An object reveals its lineage through layered clues—scratches, inscriptions, repaired seams.",,,,"Low-Poly 3D Render: Faceted geometry, clean shading, and stylized depth.",,
"Marketplace / Bazaar: Dense stalls, textiles, food, bargaining gestures, and overlapping signage—abundant visual storytelling.","The Negotiation: A fragile peace talk or trade agreement—ritualized seating, offerings, and power dynamics.",,,,Voxel Art: 3D pixel blocks—chunky forms and playful digital texture.,,
"Ritual and Ceremony: Communal gatherings, symbolic objects, and choreographed movement—spiritual or cultural ceremonies.","Rescue by Ingenuity: Survival through clever design—improvised tools, cooperative problem-solving, small triumphs.",,,,"Vector Flat Design: Clean shapes, sharp edges, and minimal gradients—poster-like clarity.",,
"Festival / Parade: Lanterns, costumes, music, confetti, floats—collective celebration and motion.",The Map That Lies: A journey guided by a misleading map; the world contradicts expectations in subtle ways.,,,,"Comic Panel Inking: Bold outlines, dynamic shapes, and storytelling framing.",,
"Workshop / Laboratory: Benches, instruments, diagrams, prototypes—organized chaos of making and discovery.","A Festival Night Gone Quiet: The moment after celebration—confetti on wet streets, distant music fading, lingering magic.",,,,Storybook Illustration: Warm narrative illustration with charming detail and readable characters.,,
"Theater Backstage: Costumes, mirrors, stage props, half-lit corridors—preparation and performance tension.",The Museum Comes Alive: Artifacts quietly shift positions; history feels present and slightly unstable.,,,,Matte Painting: Epic environmental realism—cinematic landscapes with painterly integration.,,
"Mythic Cityscape: A city infused with legends—statues that feel alive, street shrines, and symbolic architecture.","Rewilding the City: Nature returns intentionally—green roofs, corridors, reclaimed rivers—hopeful future-building.",,,,Generative Algorithmic Art: Patterned forms and controlled randomness—systems made visible.,,
"Desert Geometries: Dunes, salt flats, mirages, and wind patterns—minimal landscapes with intricate texture.",The Hidden Room: A discovered space behind a wall or beneath floors; objects suggest a life kept secret.,,,,"Data-Visualization Aesthetic: Charts, grids, labels, and schematic overlays integrated into art.",,
"Mountain Monoliths: Crags, temples, cliff paths, and cloud seas—vertical drama and scale.","Witness to a Small Miracle: A mundane place becomes extraordinary for a brief moment—light, coincidence, kindness.",,,,,,
"Forest Canopy Worlds: Elevated bridges, tree-houses, suspended gardens—life above the ground.",The False Hero: A celebrated figure’s myth unravels; propaganda details in the background tell the truth.,,,,,,
"Subterranean Caverns: Bioluminescent fungi, mineral veins, underground rivers—natural cathedrals.",The Trial of an Idea: A public debate or courtroom-like forum where an invention or belief is judged.,,,,,,
"Industrial Interior: Factories, turbines, pipework, control rooms—repetition, grime, and machine rhythm.","The Silent Protest: Collective action without noise—signs, symbols, synchronized stillness, powerful restraint.",,,,,,
"Library of Impossible Books: Endless stacks, strange atlases, living diagrams—knowledge as a physical landscape.","A Day in the Life (Slice of Life): Ordinary routines made meaningful—commutes, meals, work—dense with subtle story.",,,,,,
"Ocean Surface Drama: Storm swells, ship silhouettes, light breaking through clouds—water as force and mood.","The Archive Dive: Searching records, photos, and artifacts to solve a personal mystery—paper trails and memory.",,,,,,
"Arctic Light and Ice: Blue shadows, sun dogs, crystalline textures—fragile, sharp beauty.","A Discovery at Low Tide: Something ancient appears briefly—shipwreck, fossils, lost city fragments—time revealed by nature.",,,,,,
"Night Market Neon: Food stalls, steam, colored LEDs—light as atmosphere.",The Return of the Traveler: A homecoming with gifts and changes—two worlds colliding in one room.,,,,,,
"Garden Microcosm: Insects, dew, seed pods, pollen—nature as intricate machinery.","Parallel Lives (Non-Sci-Fi): Same person at different life stages shown through environment and objects, not time travel.",,,,,,
"Textile Worlds: Quilts, embroidery, woven patterns expanded into landscapes—fabric as environment.",,,,,,,
"Stained Glass Scenes: Narrative panels, luminous color blocks, lead lines—storytelling through light.",,,,,,,
Mosaic Myth Panels: Tiled figures and architecture with visible tesserae—ancient-meets-modern texture.,,,,,,,
"Mechanical Menagerie: Clockwork animals, brass joints, wind-up behavior—whimsy with engineering detail.",,,,,,,
Cymatics / Resonance Patterns: Ripples in sand or water forming geometric patterns—sound made visible.,,,,,,,
"Scent / Taste Metaphors: Visual still-lifes where aromas and flavors are shown as colored vapor, shapes, or floating icons.",,,,,,,
"Memory Objects: Suitcases, photo albums, worn clothing, souvenirs—material traces of a life.",,,,,,,
"Weather as Character: Fog, dust, rain, snow, heat haze—atmosphere drives the subject.",,,,,,,
"Architecture as Sculpture: Brutalist blocks, flowing organic buildings, parametric façades—structure as artwork.",,,,,,,
"Everyday Magic Domesticity: Kitchens, laundry rooms, balconies—ordinary spaces with subtle impossible details.",,,,,,,
